trade_id,portfolio_id,asset_id,trade_date,trade_type,quantity,trade_price,fee,notes
1,14,16,2022-10-09,BUY (60),95,5760.88,2.1,
2,27,43,2025-11-23,BUY (60),102,1890.63,4.94,
3,32,41,2024-03-12,BUY (60),42,744.72,14.06,Aenean sit amet justo. Morbi ut odio.
4,16,48,2020-12-20,SELL (40),20,1867.32,6.29,
5,24,51,2024-12-19,BUY (60),15,5636.93,4.35,
6,13,100,2023-11-04,SELL (40),120,3321.73,,
7,11,71,2025-02-26,SELL (40),15,6926.63,2.43,
8,27,108,2024-01-24,BUY (60),120,2136.13,4.2,Ut at dolor quis odio consequat varius.
9,23,102,2022-06-17,SELL (40),52,4326.0,4.88,
10,24,110,2020-04-05,BUY (60),91,745.89,11.56,
11,49,78,2020-05-08,BUY (60),13,2878.09,8.03,"Maecenas leo odio, condimentum id, luctus nec, molestie sed, justo. Pellentesque viverra pede ac diam."
12,38,120,2021-11-09,BUY (60),45,6576.04,2.62,
13,30,9,2020-07-02,BUY (60),78,3337.26,,
14,23,111,2020-05-14,SELL (40),68,7781.68,2.93,
15,49,26,2023-07-29,SELL (40),77,7372.69,12.58,
16,48,13,2021-11-22,SELL (40),30,4488.57,14.69,
17,33,22,2020-02-24,SELL (40),66,2354.17,2.8,
18,5,19,2024-02-17,BUY (60),79,2497.73,12.97,
19,12,75,2021-11-09,SELL (40),101,1400.97,7.9,
20,10,58,2022-01-31,SELL (40),59,3224.91,14.26,"Aliquam augue quam, sollicitudin vitae, consectetuer eget, rutrum at, lorem."
21,1,53,2024-07-21,BUY (60),97,386.17,9.38,
22,15,3,2021-05-07,SELL (40),87,2892.19,9.19,
23,11,19,2020-02-20,SELL (40),45,4918.75,11.18,Vivamus vel nulla eget eros elementum pellentesque. Quisque porta volutpat erat.
24,51,109,2022-08-06,BUY (60),112,7629.07,11.84,
25,16,98,2020-02-27,BUY (60),104,797.72,14.03,Vestibulum sed magna at nunc commodo placerat. Praesent blandit.
26,15,75,2020-09-24,BUY (60),68,3620.74,1.66,
27,50,35,2021-02-04,BUY (60),90,2514.52,7.05,Integer non velit.
28,13,71,2020-05-28,SELL (40),7,4646.54,2.89,In hac habitasse platea dictumst.
29,51,10,2022-11-08,SELL (40),61,611.78,3.07,
30,45,55,2024-12-18,BUY (60),43,6977.12,14.56,
31,7,33,2024-06-11,BUY (60),4,7222.15,8.75,
32,49,51,2022-02-04,SELL (40),16,5826.07,12.5,"Morbi sem mauris, laoreet ut, rhoncus aliquet, pulvinar sed, nisl. Nunc rhoncus dui vel sem."
33,59,25,2025-09-09,SELL (40),67,957.07,3.57,
34,24,76,2024-11-07,SELL (40),28,7071.07,10.62,
35,51,54,2020-03-18,BUY (60),19,198.25,9.32,
36,17,100,2024-02-19,SELL (40),47,3991.04,7.91,
37,29,9,2024-01-23,SELL (40),2,689.65,2.12,
38,37,71,2020-03-04,SELL (40),100,6131.92,11.6,
39,1,4,2025-03-18,SELL (40),56,6670.31,,
40,17,43,2023-02-20,SELL (40),85,2741.45,7.29,
41,16,20,2021-07-17,BUY (60),56,830.77,4.4,Pellentesque eget nunc. Donec quis orci eget orci vehicula condimentum.
42,22,16,2021-04-21,SELL (40),28,5581.12,,Nunc rhoncus dui vel sem. Sed sagittis.
43,33,20,2022-03-01,SELL (40),8,7123.92,2.69,
44,11,30,2021-05-12,BUY (60),90,5432.97,1.05,
45,58,44,2020-03-22,SELL (40),42,82.6,9.8,
46,21,85,2025-09-28,BUY (60),42,4283.95,3.35,
47,22,26,2020-05-31,SELL (40),95,1446.15,3.28,"In tempor, turpis nec euismod scelerisque, quam turpis adipiscing lorem, vitae mattis nibh ligula nec sem."
48,17,71,2020-01-11,BUY (60),66,1598.33,13.04,
49,47,117,2020-08-09,BUY (60),56,943.95,1.23,
50,40,64,2023-02-19,SELL (40),71,5645.67,,
51,60,59,2024-10-02,SELL (40),78,3983.76,,
52,37,103,2023-07-21,BUY (60),114,114.62,4.7,
53,36,108,2025-01-24,SELL (40),13,3415.22,13.23,
54,5,23,2022-10-15,SELL (40),94,1049.56,1.86,
55,24,88,2025-01-20,SELL (40),3,5283.52,6.82,
56,30,35,2020-07-05,SELL (40),70,7683.21,8.94,
57,1,11,2021-03-26,BUY (60),99,5327.66,2.6,
58,2,90,2021-11-07,BUY (60),76,2733.87,2.12,
59,30,23,2023-08-22,SELL (40),58,3575.74,12.32,
60,60,19,2021-11-19,SELL (40),35,5383.75,14.08,Sed ante. Vivamus tortor.
61,8,92,2021-09-27,BUY (60),86,7554.23,2.03,
62,31,115,2022-04-28,SELL (40),41,3804.5,3.07,Phasellus sit amet erat. Nulla tempus.
63,37,3,2022-05-04,SELL (40),3,5816.47,10.22,
64,20,60,2023-02-12,SELL (40),8,1114.24,9.35,
65,57,95,2023-06-11,SELL (40),49,3818.82,9.97,
66,41,45,2022-02-24,SELL (40),87,3663.83,,Maecenas ut massa quis augue luctus tincidunt.
67,23,64,2023-08-07,SELL (40),57,2023.24,10.22,Proin at turpis a pede posuere nonummy. Integer non velit.
68,42,91,2022-01-20,BUY (60),64,7487.12,5.6,Donec semper sapien a libero.
69,24,82,2023-09-22,SELL (40),94,6142.64,4.52,
70,53,115,2024-09-03,SELL (40),10,1175.64,,
71,57,45,2021-01-06,BUY (60),24,4677.52,6.62,
72,27,119,2022-12-16,SELL (40),15,3935.66,3.05,
73,41,56,2025-01-10,BUY (60),12,2558.59,6.67,
74,40,9,2021-02-26,SELL (40),116,5643.12,3.25,
75,15,116,2022-06-22,BUY (60),87,1946.56,9.19,
76,46,56,2021-11-11,SELL (40),15,1288.56,13.04,
77,50,11,2022-12-13,BUY (60),100,7199.66,13.64,
78,54,1,2025-03-01,BUY (60),20,2211.33,6.32,
79,39,93,2022-10-10,SELL (40),7,6351.89,14.63,
80,1,105,2021-07-10,BUY (60),81,4696.95,5.46,
81,53,17,2021-05-30,SELL (40),97,1740.33,13.9,
82,36,20,2025-07-10,BUY (60),91,3177.32,12.92,
83,13,13,2021-01-02,SELL (40),87,985.19,8.29,
84,47,17,2024-01-04,BUY (60),84,296.58,11.81,
85,26,46,2022-11-07,SELL (40),87,2133.19,7.38,
86,18,11,2021-09-12,BUY (60),106,4493.11,3.63,
87,43,38,2023-01-18,SELL (40),5,5652.45,5.28,
88,4,112,2024-06-12,BUY (60),31,575.72,5.4,"Maecenas leo odio, condimentum id, luctus nec, molestie sed, justo. Pellentesque viverra pede ac diam."
89,57,6,2023-03-16,SELL (40),72,5353.32,9.39,
90,16,86,2023-11-10,SELL (40),83,195.14,6.89,
91,45,75,2020-10-26,BUY (60),102,499.7,5.6,
92,12,112,2024-11-04,SELL (40),115,4522.76,13.68,
93,27,71,2023-01-17,BUY (60),67,806.81,5.34,
94,36,96,2025-01-04,SELL (40),97,7558.39,7.63,
95,16,49,2021-02-07,BUY (60),35,7076.83,9.44,
96,20,116,2024-10-31,SELL (40),100,6219.1,1.16,Nunc nisl.
97,41,75,2020-09-19,BUY (60),68,2232.8,8.97,
98,17,74,2024-05-10,SELL (40),119,7491.55,1.08,
99,37,88,2024-03-23,BUY (60),109,3676.26,12.57,
100,33,92,2021-07-30,SELL (40),107,5949.87,4.53,Suspendisse potenti. Cras in purus eu magna vulputate luctus.
101,43,84,2022-01-31,BUY (60),90,7710.44,,
102,2,93,2022-08-26,BUY (60),115,1874.48,14.91,Suspendisse potenti.
103,57,5,2021-01-30,SELL (40),42,7666.65,,
104,25,15,2020-10-24,BUY (60),6,7904.94,3.37,
105,2,59,2021-09-03,SELL (40),52,3175.28,7.44,
106,26,12,2025-02-05,BUY (60),116,1569.25,3.74,
107,59,29,2022-05-21,SELL (40),7,6847.71,,
108,5,6,2024-11-28,BUY (60),102,4125.84,12.11,
109,36,72,2021-02-06,BUY (60),90,1902.97,7.82,
110,23,101,2020-11-18,BUY (60),80,2918.44,5.57,
111,44,12,2022-03-16,BUY (60),98,2775.54,4.56,Vestibulum rutrum rutrum neque. Aenean auctor gravida sem.
112,5,72,2020-03-20,BUY (60),111,5848.28,1.83,
113,41,80,2024-01-03,SELL (40),108,7180.81,10.49,
114,50,16,2024-11-02,SELL (40),21,2863.39,14.56,
115,6,107,2024-01-24,BUY (60),80,196.8,3.3,
116,4,46,2021-05-27,SELL (40),18,6840.41,,
117,2,107,2021-05-21,SELL (40),36,2058.92,,
118,32,102,2021-06-25,SELL (40),72,6321.64,8.03,In hac habitasse platea dictumst. Maecenas ut massa quis augue luctus tincidunt.
119,40,99,2024-07-15,SELL (40),74,7722.66,6.59,
120,2,114,2024-04-11,SELL (40),53,2530.86,1.91,Duis consequat dui nec nisi volutpat eleifend. Donec ut dolor.
121,17,7,2024-09-05,BUY (60),42,1631.39,6.82,
122,20,30,2022-03-23,BUY (60),110,770.86,14.57,Nulla tellus.
123,48,51,2022-11-12,BUY (60),8,2264.68,5.77,
124,37,73,2023-08-27,SELL (40),2,1142.78,12.83,
125,29,16,2021-04-14,SELL (40),27,3488.85,12.13,Nulla ut erat id mauris vulputate elementum.
126,10,69,2024-04-04,SELL (40),102,1086.83,13.47,
127,32,60,2020-02-12,SELL (40),70,4210.12,2.81,Suspendisse ornare consequat lectus.
128,10,59,2023-01-26,BUY (60),94,7516.68,9.83,
129,9,56,2021-06-13,BUY (60),55,5409.35,8.51,Vestibulum ante ipsum primis in faucibus orci luctus et ultrices posuere cubilia Curae; Duis faucibus accumsan odio. Curabitur convallis.
130,47,45,2020-01-02,BUY (60),105,3826.61,12.91,"Vestibulum quam sapien, varius ut, blandit non, interdum in, ante."
131,53,44,2020-03-29,SELL (40),67,7974.71,4.57,
132,26,84,2022-12-30,SELL (40),63,6827.33,2.01,
133,53,80,2022-03-13,SELL (40),5,7466.51,4.8,
134,12,62,2020-03-13,SELL (40),53,1287.17,5.38,
135,52,94,2021-08-11,SELL (40),67,4639.12,,Nulla mollis molestie lorem.
136,19,55,2024-09-30,SELL (40),107,634.4,6.37,
137,32,75,2022-07-24,SELL (40),24,4163.66,4.05,Vestibulum rutrum rutrum neque. Aenean auctor gravida sem.
138,14,95,2024-09-06,SELL (40),26,4305.43,7.64,
139,11,26,2022-04-13,SELL (40),77,6296.84,,Duis bibendum.
140,17,51,2022-01-04,BUY (60),118,7125.25,10.52,
141,3,65,2023-03-17,BUY (60),30,4969.3,11.05,
142,32,99,2021-06-09,SELL (40),110,7879.49,12.93,
143,53,111,2022-08-10,SELL (40),42,2206.63,5.66,"Nam ultrices, libero non mattis pulvinar, nulla pede ullamcorper augue, a suscipit nulla elit ac nulla. Sed vel enim sit amet nunc viverra dapibus."
144,37,61,2024-09-07,SELL (40),120,5678.58,2.99,
145,32,100,2022-08-10,BUY (60),52,3298.52,4.85,Phasellus in felis.
146,20,90,2021-09-19,SELL (40),101,3989.69,10.93,Proin eu mi. Nulla ac enim.
147,37,65,2021-01-05,BUY (60),89,972.54,7.13,
148,23,71,2022-07-02,SELL (40),33,1616.05,14.18,Nullam varius.
149,42,95,2021-07-05,BUY (60),1,5475.16,11.82,Etiam justo. Etiam pretium iaculis justo.
150,29,84,2022-05-06,BUY (60),113,1804.87,2.98,"Curabitur in libero ut massa volutpat convallis. Morbi odio odio, elementum eu, interdum eu, tincidunt in, leo."
151,47,47,2023-12-07,SELL (40),48,3410.07,2.91,
152,38,59,2021-05-04,SELL (40),100,6193.11,10.51,
153,20,1,2022-02-02,BUY (60),69,3443.25,2.14,"Nam congue, risus semper porta volutpat, quam pede lobortis ligula, sit amet eleifend pede libero quis orci."
154,24,2,2024-11-18,BUY (60),120,1350.42,4.73,
155,60,115,2020-04-14,SELL (40),119,2531.88,11.05,
156,11,2,2024-04-06,SELL (40),57,4883.76,6.0,
157,44,117,2024-06-08,BUY (60),95,3597.76,12.31,Donec vitae nisi.
158,4,54,2024-12-27,BUY (60),68,7902.87,9.63,
159,4,53,2020-01-20,BUY (60),2,192.03,2.0,Donec dapibus.
160,48,52,2025-08-20,BUY (60),87,1559.38,6.05,
161,43,79,2020-04-05,SELL (40),6,4522.93,12.51,
162,43,41,2021-04-04,BUY (60),21,6873.68,9.8,Nulla ut erat id mauris vulputate elementum.
163,26,59,2022-07-05,BUY (60),75,1670.81,14.96,"Morbi quis tortor id nulla ultrices aliquet. Maecenas leo odio, condimentum id, luctus nec, molestie sed, justo."
164,40,68,2023-02-16,BUY (60),20,5735.51,,
165,4,97,2025-01-29,BUY (60),32,5703.26,11.96,
166,58,82,2022-02-25,BUY (60),30,587.83,2.16,
167,48,18,2022-07-14,BUY (60),32,4556.04,3.65,
168,3,39,2025-06-22,BUY (60),117,7745.2,,
169,9,82,2023-07-27,BUY (60),102,6585.14,2.39,Vestibulum ante ipsum primis in faucibus orci luctus et ultrices posuere cubilia Curae; Mauris viverra diam vitae quam.
170,58,63,2024-02-13,BUY (60),23,2159.81,7.24,
171,30,31,2022-06-02,BUY (60),71,2534.19,,
172,30,1,2021-11-16,BUY (60),47,1033.87,11.84,Morbi ut odio.
173,49,38,2023-12-09,BUY (60),90,956.86,,
174,29,106,2022-02-02,SELL (40),115,4229.35,2.45,
175,8,33,2024-12-02,BUY (60),117,7474.53,5.17,Proin interdum mauris non ligula pellentesque ultrices.
176,50,87,2025-06-28,SELL (40),113,2834.61,14.42,
177,4,79,2024-09-26,BUY (60),79,5829.73,11.81,"Vestibulum ante ipsum primis in faucibus orci luctus et ultrices posuere cubilia Curae; Donec pharetra, magna vestibulum aliquet ultrices, erat tortor sollicitudin mi, sit amet lobortis sapien sapien non mi. Integer ac neque."
178,13,67,2020-02-06,SELL (40),97,7905.08,6.69,
179,40,47,2023-03-07,SELL (40),26,1591.8,10.37,
180,32,104,2023-01-08,SELL (40),68,3680.37,10.25,Donec ut dolor. Morbi vel lectus in quam fringilla rhoncus.
181,42,76,2020-02-13,BUY (60),61,4669.16,12.55,
182,16,27,2025-05-24,SELL (40),71,1322.47,7.68,
183,38,14,2023-08-03,BUY (60),94,3388.95,10.78,Donec ut mauris eget massa tempor convallis.
184,27,104,2021-10-23,SELL (40),2,2903.34,11.78,
185,40,32,2024-12-28,BUY (60),70,5757.35,4.58,
186,55,67,2021-11-08,BUY (60),110,483.04,10.93,Morbi porttitor lorem id ligula.
187,51,2,2025-11-04,BUY (60),38,7729.23,8.43,
188,26,106,2023-07-31,BUY (60),36,502.22,9.4,
189,59,50,2020-04-18,SELL (40),107,2303.1,3.84,
190,55,49,2025-12-01,BUY (60),115,6766.01,6.98,"Fusce congue, diam id ornare imperdiet, sapien urna pretium nisl, ut volutpat sapien arcu sed augue. Aliquam erat volutpat."
191,13,20,2020-08-04,SELL (40),81,3254.37,6.73,
192,8,56,2022-08-21,BUY (60),115,3847.81,12.03,Mauris ullamcorper purus sit amet nulla.
193,43,58,2023-08-03,BUY (60),54,4334.16,4.97,
194,26,105,2020-10-17,SELL (40),117,5710.63,3.89,
195,35,91,2024-05-31,SELL (40),102,6418.49,11.23,In sagittis dui vel nisl.
196,57,15,2022-08-30,SELL (40),87,6021.69,1.54,
197,30,119,2022-07-22,BUY (60),100,1322.14,3.84,Quisque id justo sit amet sapien dignissim vestibulum. Vestibulum ante ipsum primis in faucibus orci luctus et ultrices posuere cubilia Curae; Nulla dapibus dolor vel est.
198,39,63,2021-07-01,BUY (60),43,5678.41,11.73,Nulla ut erat id mauris vulputate elementum. Nullam varius.
199,10,69,2025-04-17,SELL (40),36,7243.75,,Proin at turpis a pede posuere nonummy.
200,12,76,2022-11-25,SELL (40),35,744.11,12.84,
201,5,63,2022-04-14,BUY (60),10,665.95,6.47,
202,3,1,2025-06-25,BUY (60),86,7268.61,12.16,"Morbi ut odio. Cras mi pede, malesuada in, imperdiet et, commodo vulputate, justo."
203,3,59,2024-07-30,BUY (60),116,3376.72,2.26,
204,6,19,2023-10-17,SELL (40),48,5960.43,8.98,Duis aliquam convallis nunc. Proin at turpis a pede posuere nonummy.
205,21,110,2021-11-24,SELL (40),10,7465.19,10.6,
206,16,32,2025-11-02,SELL (40),81,2566.96,4.97,
207,22,107,2022-09-22,BUY (60),12,6837.77,,
208,56,48,2024-10-06,BUY (60),60,1556.72,9.49,
209,38,82,2020-05-18,SELL (40),71,3464.04,5.21,"Lorem ipsum dolor sit amet, consectetuer adipiscing elit. Proin risus."
210,31,44,2023-10-17,SELL (40),67,5104.53,13.98,
211,30,88,2023-06-14,SELL (40),13,550.31,7.24,
212,59,71,2025-08-09,SELL (40),95,185.38,5.56,
213,47,70,2020-03-15,SELL (40),62,7209.71,11.38,
214,45,43,2024-12-25,SELL (40),82,2001.2,7.19,Nulla nisl.
215,58,95,2025-01-09,BUY (60),112,2097.37,13.88,Etiam justo.
216,55,27,2025-08-19,BUY (60),91,7571.86,12.68,"Morbi sem mauris, laoreet ut, rhoncus aliquet, pulvinar sed, nisl. Nunc rhoncus dui vel sem."
217,34,40,2021-04-13,BUY (60),19,7956.34,3.36,
218,28,78,2020-11-08,SELL (40),8,6577.35,2.51,"Maecenas leo odio, condimentum id, luctus nec, molestie sed, justo."
219,12,47,2021-10-04,SELL (40),97,4333.74,10.24,
220,2,81,2021-12-20,BUY (60),51,3733.04,7.34,
221,45,56,2025-04-11,BUY (60),30,5912.57,5.75,Nulla mollis molestie lorem. Quisque ut erat.
222,17,73,2025-09-19,BUY (60),116,3150.17,10.2,
223,22,83,2024-05-13,BUY (60),93,3430.02,7.84,
224,11,57,2025-05-13,SELL (40),11,3622.72,7.06,
225,45,105,2024-01-20,BUY (60),118,4963.56,5.84,
226,2,115,2023-10-31,BUY (60),35,3181.35,14.59,
227,51,25,2022-10-03,BUY (60),75,7079.95,11.37,
228,54,55,2022-08-02,SELL (40),52,4804.08,4.53,
229,33,29,2024-10-15,SELL (40),117,3569.25,12.75,
230,55,102,2023-09-12,SELL (40),5,965.13,5.87,
231,32,28,2022-10-24,SELL (40),90,1596.67,13.26,
232,27,55,2025-09-06,SELL (40),98,7366.65,5.73,
233,39,72,2023-04-14,BUY (60),34,1469.1,4.65,
234,4,29,2020-09-21,SELL (40),32,6504.41,14.43,
235,14,61,2020-02-28,SELL (40),27,6731.3,8.64,
236,48,56,2024-03-11,BUY (60),19,4049.92,9.01,
237,53,95,2021-09-21,SELL (40),30,6917.94,12.47,"Lorem ipsum dolor sit amet, consectetuer adipiscing elit."
238,55,75,2024-11-26,SELL (40),63,7687.84,11.09,Aliquam quis turpis eget elit sodales scelerisque. Mauris sit amet eros.
239,51,108,2023-11-06,BUY (60),69,2365.82,8.18,Maecenas pulvinar lobortis est. Phasellus sit amet erat.
240,30,21,2020-08-28,BUY (60),96,1742.06,6.41,
241,52,34,2020-08-10,BUY (60),58,979.32,,
242,46,54,2021-03-17,BUY (60),115,3718.28,9.11,Proin interdum mauris non ligula pellentesque ultrices.
243,51,31,2023-10-10,BUY (60),76,4378.45,8.64,
244,8,100,2022-11-12,BUY (60),20,1266.52,4.4,Curabitur at ipsum ac tellus semper interdum.
245,10,49,2025-07-31,BUY (60),27,4160.28,13.92,
246,1,76,2020-04-17,SELL (40),59,4166.19,13.59,
247,5,111,2025-01-25,SELL (40),60,3437.61,6.52,Nunc rhoncus dui vel sem.
248,21,35,2025-01-23,BUY (60),9,5410.18,2.4,
249,38,35,2025-12-01,BUY (60),38,3803.81,7.07,
250,42,65,2020-11-04,BUY (60),39,2792.63,10.91,
251,15,5,2024-09-06,BUY (60),66,6791.26,10.54,
252,43,26,2025-01-13,SELL (40),25,2504.76,14.57,
253,60,119,2021-08-13,SELL (40),91,1029.37,13.8,
254,2,59,2025-04-08,BUY (60),82,7935.57,13.69,
255,35,51,2023-12-07,SELL (40),18,7079.18,7.14,In sagittis dui vel nisl.
256,3,87,2025-01-26,SELL (40),45,3410.42,3.4,
257,11,112,2024-12-12,BUY (60),21,875.26,8.36,
258,60,95,2024-12-29,BUY (60),83,4756.04,2.37,
259,6,76,2024-06-25,SELL (40),43,5747.82,12.52,
260,24,19,2025-03-08,BUY (60),36,6900.77,11.18,Phasellus sit amet erat.
261,25,48,2023-09-09,SELL (40),43,7052.8,12.99,"Vivamus metus arcu, adipiscing molestie, hendrerit at, vulputate vitae, nisl."
262,44,97,2025-03-27,SELL (40),3,5507.35,2.22,
263,16,67,2021-03-01,BUY (60),45,5760.96,,Aliquam quis turpis eget elit sodales scelerisque. Mauris sit amet eros.
264,13,113,2023-11-11,BUY (60),96,4598.16,5.41,Donec vitae nisi.
265,12,119,2021-02-23,SELL (40),33,2104.09,1.99,
266,44,68,2020-05-19,BUY (60),92,5499.84,2.59,"Sed sagittis. Nam congue, risus semper porta volutpat, quam pede lobortis ligula, sit amet eleifend pede libero quis orci."
267,11,32,2024-07-15,BUY (60),116,1974.46,,
268,37,3,2025-09-02,BUY (60),6,7774.89,1.72,
269,45,18,2020-12-16,SELL (40),86,3109.09,6.73,
270,52,46,2022-06-03,BUY (60),47,2021.03,3.16,
271,7,107,2021-08-19,BUY (60),49,5882.43,11.19,
272,44,84,2023-12-28,BUY (60),38,4557.92,6.58,
273,32,54,2020-03-10,SELL (40),84,3088.11,4.61,"Mauris enim leo, rhoncus sed, vestibulum sit amet, cursus id, turpis. Integer aliquet, massa id lobortis convallis, tortor risus dapibus augue, vel accumsan tellus nisi eu orci."
274,12,12,2025-02-28,BUY (60),6,4637.39,10.7,
275,2,46,2021-08-29,BUY (60),117,2799.57,12.3,Suspendisse potenti. Nullam porttitor lacus at turpis.
276,52,92,2025-06-09,BUY (60),30,2898.41,5.46,"Nullam orci pede, venenatis non, sodales sed, tincidunt eu, felis. Fusce posuere felis sed lacus."
277,4,93,2023-09-29,SELL (40),11,1169.18,4.89,
278,2,95,2022-03-27,BUY (60),56,4961.46,11.03,
279,53,35,2020-04-11,SELL (40),2,5726.08,12.06,
280,43,9,2021-05-07,BUY (60),110,2394.28,7.17,
281,51,88,2023-06-03,SELL (40),56,7611.05,4.33,
282,56,82,2025-08-29,BUY (60),120,4930.27,5.18,
283,8,88,2020-07-02,BUY (60),41,110.87,4.45,"Vestibulum ac est lacinia nisi venenatis tristique. Fusce congue, diam id ornare imperdiet, sapien urna pretium nisl, ut volutpat sapien arcu sed augue."
284,8,63,2024-06-29,SELL (40),120,186.23,8.47,Donec posuere metus vitae ipsum. Aliquam non mauris.
285,44,15,2025-09-03,SELL (40),76,3904.61,4.39,Proin eu mi. Nulla ac enim.
286,59,34,2023-02-16,BUY (60),70,502.92,12.08,
287,21,73,2022-03-18,BUY (60),1,6099.93,2.55,Proin risus. Praesent lectus.
288,4,3,2023-12-13,SELL (40),96,7732.09,1.37,"Cum sociis natoque penatibus et magnis dis parturient montes, nascetur ridiculus mus. Vivamus vestibulum sagittis sapien."
289,43,59,2023-03-11,BUY (60),17,4453.76,14.17,Vestibulum rutrum rutrum neque. Aenean auctor gravida sem.
290,49,44,2022-11-23,BUY (60),66,1555.6,9.55,
291,56,4,2022-06-26,BUY (60),79,1815.34,6.96,
292,58,30,2023-01-24,SELL (40),27,1736.03,4.99,
293,51,71,2022-05-11,BUY (60),49,1458.6,14.33,Suspendisse potenti. Nullam porttitor lacus at turpis.
294,30,5,2020-07-10,SELL (40),21,4652.65,2.64,"Aliquam augue quam, sollicitudin vitae, consectetuer eget, rutrum at, lorem. Integer tincidunt ante vel ipsum."
295,27,119,2020-11-12,BUY (60),17,5406.96,12.33,
296,43,62,2020-06-20,SELL (40),39,2285.54,6.41,
297,42,21,2024-03-27,BUY (60),82,4855.65,4.65,
298,4,97,2020-12-07,BUY (60),10,5558.78,3.73,
299,56,65,2025-11-28,BUY (60),82,6763.96,1.36,
300,6,18,2024-01-30,SELL (40),35,2425.03,13.35,
301,59,44,2025-12-10,BUY (60),8,7831.02,8.63,"Nam dui. Proin leo odio, porttitor id, consequat in, consequat ut, nulla."
302,50,39,2023-04-06,BUY (60),103,5016.1,13.46,Phasellus in felis.
303,23,109,2021-05-11,SELL (40),76,2390.68,3.13,
304,19,70,2022-10-16,BUY (60),34,7794.51,8.75,
305,14,116,2021-12-27,BUY (60),87,7106.89,6.21,
306,60,120,2021-06-10,BUY (60),91,6772.08,9.43,
307,38,100,2023-02-23,BUY (60),67,163.59,8.6,
308,37,18,2022-12-07,BUY (60),6,3415.5,7.56,"Aliquam augue quam, sollicitudin vitae, consectetuer eget, rutrum at, lorem. Integer tincidunt ante vel ipsum."
309,31,74,2023-10-16,SELL (40),65,3797.27,13.8,
310,48,96,2021-05-27,BUY (60),119,3415.26,11.68,
311,41,23,2024-06-07,BUY (60),107,7206.69,4.37,Aliquam non mauris.
312,19,65,2025-04-05,SELL (40),30,1233.11,9.79,"Morbi quis tortor id nulla ultrices aliquet. Maecenas leo odio, condimentum id, luctus nec, molestie sed, justo."
313,32,79,2023-06-03,BUY (60),58,5507.0,7.73,
314,4,26,2023-08-22,SELL (40),99,7788.2,6.74,In quis justo. Maecenas rhoncus aliquam lacus.
315,40,108,2021-05-07,BUY (60),47,4102.54,,"Lorem ipsum dolor sit amet, consectetuer adipiscing elit."
316,38,82,2022-06-24,BUY (60),112,5825.74,2.5,
317,32,90,2024-09-11,BUY (60),20,2769.15,2.39,
318,28,107,2025-03-26,BUY (60),56,7388.8,6.25,
319,11,112,2022-03-30,SELL (40),27,5809.93,11.23,
320,54,74,2024-11-15,SELL (40),45,5659.1,10.14,
321,35,20,2023-08-14,BUY (60),22,5997.16,2.88,
322,4,114,2024-08-28,BUY (60),59,2123.47,7.94,
323,42,25,2025-08-13,BUY (60),106,5613.66,2.6,
324,15,20,2020-01-05,SELL (40),14,6858.23,9.56,
325,56,1,2025-04-15,BUY (60),1,7480.96,10.36,"Quisque arcu libero, rutrum ac, lobortis vel, dapibus at, diam. Nam tristique tortor eu pede."
326,3,94,2022-11-13,SELL (40),106,5791.88,1.56,Aliquam non mauris.
327,49,34,2023-07-31,BUY (60),63,3139.46,7.77,
328,22,43,2023-06-18,SELL (40),78,3275.66,10.82,
329,9,13,2021-09-10,BUY (60),112,374.61,1.02,
330,12,95,2024-09-11,SELL (40),80,7877.68,8.47,
331,32,119,2020-07-13,SELL (40),42,523.29,11.46,
332,5,46,2021-01-18,BUY (60),30,3121.75,5.26,
333,56,14,2022-03-23,SELL (40),107,4226.28,9.51,"Morbi vestibulum, velit id pretium iaculis, diam erat fermentum justo, nec condimentum neque sapien placerat ante. Nulla justo."
334,42,52,2021-01-09,BUY (60),29,4070.95,4.07,Nulla facilisi.
335,46,53,2024-02-10,BUY (60),25,1735.67,3.32,
336,39,83,2024-09-11,SELL (40),42,2239.04,14.75,
337,40,107,2025-09-05,SELL (40),101,173.17,6.45,
338,31,6,2023-04-24,SELL (40),10,5243.71,10.33,
339,45,109,2023-04-11,BUY (60),26,4526.35,6.62,
340,7,101,2025-02-15,SELL (40),83,4490.33,5.01,
341,37,45,2025-05-27,BUY (60),42,4924.34,9.74,
342,18,7,2023-12-29,BUY (60),41,4185.29,13.78,
343,40,78,2023-05-30,BUY (60),74,7150.54,4.16,
344,54,56,2024-09-19,BUY (60),6,1805.55,8.67,
345,50,30,2023-10-27,SELL (40),15,5816.51,7.09,
346,21,115,2020-11-22,BUY (60),59,917.28,10.48,"In tempor, turpis nec euismod scelerisque, quam turpis adipiscing lorem, vitae mattis nibh ligula nec sem. Duis aliquam convallis nunc."
347,20,66,2024-11-02,BUY (60),70,2329.77,11.48,"Lorem ipsum dolor sit amet, consectetuer adipiscing elit. Proin risus."
348,16,63,2024-01-04,BUY (60),112,506.97,,
349,13,92,2021-11-18,SELL (40),52,1004.33,8.17,
350,7,71,2020-06-18,SELL (40),70,4589.84,14.83,"Vivamus vestibulum sagittis sapien. Cum sociis natoque penatibus et magnis dis parturient montes, nascetur ridiculus mus."
351,38,64,2023-08-05,SELL (40),119,3307.27,5.6,
352,31,114,2023-10-31,SELL (40),56,3793.74,4.31,
353,60,68,2022-08-25,SELL (40),40,6817.5,5.47,
354,14,98,2025-02-09,BUY (60),10,5709.93,11.95,
355,17,58,2023-05-12,BUY (60),5,5937.68,4.08,
356,16,50,2022-07-28,SELL (40),102,7398.95,5.39,
357,29,53,2022-02-19,BUY (60),113,6004.05,2.25,
358,19,16,2022-12-26,BUY (60),63,5423.68,13.17,
359,48,70,2022-06-06,SELL (40),54,7423.87,,
360,40,98,2022-06-24,BUY (60),49,931.43,1.38,Nulla nisl.
361,44,87,2021-04-25,BUY (60),94,1991.97,11.34,
362,9,119,2024-01-20,BUY (60),95,3238.61,14.49,
363,2,13,2025-11-25,BUY (60),119,5666.29,10.38,
364,18,87,2024-12-08,SELL (40),114,5598.13,12.17,
365,9,46,2022-08-17,BUY (60),88,6056.02,5.03,Suspendisse potenti. Nullam porttitor lacus at turpis.
366,28,52,2021-01-21,BUY (60),105,5418.66,,
367,11,35,2025-06-01,BUY (60),88,7149.6,14.51,
368,8,106,2024-04-24,SELL (40),34,5049.85,7.92,
369,10,106,2023-12-06,SELL (40),99,4482.55,10.97,"Vestibulum ac est lacinia nisi venenatis tristique. Fusce congue, diam id ornare imperdiet, sapien urna pretium nisl, ut volutpat sapien arcu sed augue."
370,38,37,2022-06-18,BUY (60),45,1254.52,4.61,Nam dui.
371,31,11,2025-02-03,SELL (40),1,6156.37,7.88,Morbi non quam nec dui luctus rutrum. Nulla tellus.
372,4,67,2022-09-08,SELL (40),49,6049.92,6.72,Etiam justo. Etiam pretium iaculis justo.
373,42,77,2023-12-13,SELL (40),62,7721.68,7.94,
374,51,91,2023-11-16,BUY (60),98,2102.34,12.7,Mauris lacinia sapien quis libero.
375,14,38,2022-11-08,BUY (60),62,6985.98,14.09,
376,38,38,2024-10-08,SELL (40),94,5218.9,,
377,33,86,2022-01-14,SELL (40),104,5316.34,13.35,Ut at dolor quis odio consequat varius. Integer ac leo.
378,59,31,2025-01-02,BUY (60),73,239.89,9.76,
379,27,35,2024-05-02,SELL (40),86,3695.16,10.79,
380,29,41,2022-03-31,BUY (60),107,5951.04,13.76,
381,23,17,2022-01-22,SELL (40),87,4501.04,3.62,
382,25,23,2025-02-09,SELL (40),108,7601.81,3.8,Nullam sit amet turpis elementum ligula vehicula consequat.
383,3,22,2025-01-30,SELL (40),10,5016.92,7.85,
384,43,111,2021-04-12,SELL (40),10,868.98,,"Duis ac nibh. Fusce lacus purus, aliquet at, feugiat non, pretium quis, lectus."
385,14,20,2024-12-06,BUY (60),91,1941.37,5.18,"Lorem ipsum dolor sit amet, consectetuer adipiscing elit. Proin risus."
386,9,29,2023-04-08,BUY (60),67,2173.63,8.57,Donec dapibus. Duis at velit eu est congue elementum.
387,15,114,2025-07-13,SELL (40),66,820.3,,
388,45,96,2021-07-10,SELL (40),98,7376.27,,
389,30,50,2023-01-07,SELL (40),76,1138.7,7.72,
390,52,11,2024-03-21,SELL (40),98,5421.54,5.31,In quis justo.
391,14,9,2023-11-06,SELL (40),113,2046.8,,
392,25,81,2023-03-26,BUY (60),116,6668.99,7.03,
393,16,51,2021-03-19,SELL (40),103,2661.85,1.94,
394,26,107,2020-05-04,SELL (40),66,2597.77,10.49,
395,5,22,2021-10-28,SELL (40),99,2021.21,9.09,Maecenas tincidunt lacus at velit. Vivamus vel nulla eget eros elementum pellentesque.
396,21,58,2021-12-11,SELL (40),52,1575.7,11.75,Donec ut mauris eget massa tempor convallis.
397,1,84,2022-09-17,SELL (40),39,4580.59,1.61,
398,59,10,2022-01-29,BUY (60),106,4019.91,7.15,
399,23,98,2023-09-01,SELL (40),80,7136.65,10.08,
400,35,103,2020-02-12,BUY (60),118,12.81,,
401,16,15,2025-10-19,BUY (60),119,1200.13,1.68,
402,12,90,2023-01-25,SELL (40),59,476.21,1.25,Aliquam sit amet diam in magna bibendum imperdiet.
403,51,62,2021-07-25,BUY (60),46,102.37,9.73,
404,8,24,2024-01-12,BUY (60),84,374.57,5.68,
405,46,105,2024-12-23,SELL (40),8,6200.02,3.2,
406,20,94,2022-10-30,BUY (60),39,4153.25,2.83,
407,43,111,2025-08-08,BUY (60),39,1711.22,7.25,"Quisque porta volutpat erat. Quisque erat eros, viverra eget, congue eget, semper rutrum, nulla."
408,1,41,2022-04-28,BUY (60),41,4025.18,14.69,
409,36,65,2022-09-20,BUY (60),69,7999.02,12.78,Morbi a ipsum. Integer a nibh.
410,26,93,2024-12-15,BUY (60),13,5965.09,9.93,
411,35,29,2021-12-16,BUY (60),3,7033.76,6.68,
412,20,87,2024-11-28,BUY (60),118,4558.71,,
413,2,52,2023-08-27,BUY (60),87,3743.08,1.39,
414,47,39,2020-03-30,SELL (40),88,7777.18,13.68,Praesent id massa id nisl venenatis lacinia.
415,33,27,2021-12-12,SELL (40),42,7834.3,13.35,Duis aliquam convallis nunc. Proin at turpis a pede posuere nonummy.
416,38,53,2021-01-01,BUY (60),37,4412.21,2.74,
417,22,92,2024-01-17,BUY (60),93,6997.22,1.89,
418,13,35,2020-12-04,SELL (40),21,3626.05,10.09,
419,60,101,2022-11-16,BUY (60),86,3736.08,3.93,
420,32,85,2020-02-21,SELL (40),118,1074.51,5.14,
421,30,75,2023-01-19,BUY (60),98,5509.86,10.56,
422,57,87,2020-10-23,SELL (40),5,19.55,2.46,"Maecenas tristique, est et tempus semper, est quam pharetra magna, ac consequat metus sapien ut nunc. Vestibulum ante ipsum primis in faucibus orci luctus et ultrices posuere cubilia Curae; Mauris viverra diam vitae quam."
423,35,75,2020-09-13,SELL (40),68,3005.14,12.31,
424,55,9,2021-09-05,SELL (40),113,1837.29,,
425,36,98,2022-03-24,BUY (60),99,4974.96,,
426,24,91,2025-03-13,SELL (40),1,7113.37,,
427,50,73,2025-05-03,BUY (60),60,5395.58,11.94,
428,28,68,2022-03-23,BUY (60),116,3373.22,8.91,
429,44,87,2021-01-06,SELL (40),30,3455.5,2.01,Nullam porttitor lacus at turpis.
430,45,8,2020-03-21,BUY (60),52,2111.87,8.28,"Nam ultrices, libero non mattis pulvinar, nulla pede ullamcorper augue, a suscipit nulla elit ac nulla."
431,14,19,2024-10-26,BUY (60),37,6061.85,3.74,Vestibulum sed magna at nunc commodo placerat.
432,47,82,2023-03-29,BUY (60),64,3827.94,3.66,
433,29,34,2022-08-23,SELL (40),46,3324.39,14.68,
434,53,110,2022-11-17,SELL (40),53,7876.76,12.29,"Morbi vestibulum, velit id pretium iaculis, diam erat fermentum justo, nec condimentum neque sapien placerat ante. Nulla justo."
435,56,45,2022-02-16,BUY (60),37,3405.52,7.18,
436,11,5,2021-04-25,SELL (40),108,828.77,1.31,Aenean auctor gravida sem. Praesent id massa id nisl venenatis lacinia.
437,25,25,2021-10-15,SELL (40),74,2972.65,8.42,
438,37,56,2023-06-05,BUY (60),65,1187.52,10.66,
439,53,1,2024-04-23,BUY (60),39,6913.88,12.72,"Lorem ipsum dolor sit amet, consectetuer adipiscing elit."
440,14,19,2024-10-05,BUY (60),110,5391.49,1.37,
441,48,94,2021-06-13,SELL (40),66,1894.83,12.84,
442,32,101,2020-01-09,SELL (40),32,7478.42,,
443,42,46,2020-05-27,BUY (60),90,2920.25,2.21,Nulla mollis molestie lorem. Quisque ut erat.
444,33,74,2020-02-18,SELL (40),69,2957.64,14.81,
445,2,32,2022-08-04,SELL (40),104,169.75,10.61,
446,27,92,2021-01-20,SELL (40),120,323.42,5.09,"Vivamus metus arcu, adipiscing molestie, hendrerit at, vulputate vitae, nisl."
447,33,113,2025-05-03,SELL (40),38,3334.3,2.26,
448,55,25,2024-08-10,BUY (60),29,4618.99,8.5,"Sed sagittis. Nam congue, risus semper porta volutpat, quam pede lobortis ligula, sit amet eleifend pede libero quis orci."
449,55,36,2025-02-12,BUY (60),117,928.65,12.58,
450,2,118,2023-08-11,SELL (40),100,6977.65,,Proin eu mi. Nulla ac enim.
451,23,108,2024-04-27,SELL (40),7,2610.46,3.33,In hac habitasse platea dictumst.
452,52,59,2021-11-15,BUY (60),36,878.53,11.72,In sagittis dui vel nisl. Duis ac nibh.
453,15,50,2024-04-13,BUY (60),32,6823.26,12.84,
454,49,71,2020-01-09,SELL (40),5,7786.43,10.36,Nunc purus.
455,13,111,2021-02-06,SELL (40),17,4004.74,,
456,7,98,2020-03-09,BUY (60),86,2507.04,12.36,Integer ac neque.
457,50,81,2023-12-30,BUY (60),17,4776.04,6.37,
458,13,91,2024-03-28,BUY (60),89,774.49,8.83,
459,56,87,2025-09-07,BUY (60),49,6369.87,13.5,Proin risus.
460,47,31,2025-02-22,BUY (60),42,6779.4,8.62,Proin risus. Praesent lectus.
461,16,85,2020-04-06,BUY (60),19,6038.52,2.39,
462,56,14,2020-03-17,SELL (40),89,4213.83,5.01,
463,10,79,2025-11-29,SELL (40),76,5497.6,10.05,
464,57,70,2020-04-21,SELL (40),17,5485.36,12.37,Curabitur gravida nisi at nibh.
465,21,78,2021-11-04,BUY (60),36,6845.99,2.31,
466,23,9,2025-08-02,SELL (40),86,6296.83,12.28,
467,19,97,2024-12-14,BUY (60),40,4707.75,4.81,
468,56,40,2022-06-19,BUY (60),5,5684.37,2.02,
469,22,68,2020-06-14,SELL (40),7,4097.06,4.63,
470,10,91,2021-05-08,SELL (40),65,6505.99,,Nulla tellus. In sagittis dui vel nisl.
471,52,101,2022-09-26,BUY (60),17,6605.14,5.29,
472,11,59,2022-01-26,SELL (40),11,2296.75,14.74,
473,15,87,2020-04-30,SELL (40),81,5363.43,,
474,23,18,2024-05-04,SELL (40),45,334.22,9.91,"In hac habitasse platea dictumst. Morbi vestibulum, velit id pretium iaculis, diam erat fermentum justo, nec condimentum neque sapien placerat ante."
475,40,16,2021-01-07,BUY (60),76,5667.71,6.32,
476,10,89,2024-08-30,BUY (60),56,4749.39,9.12,
477,41,6,2022-02-28,BUY (60),42,7407.97,10.65,"Nam ultrices, libero non mattis pulvinar, nulla pede ullamcorper augue, a suscipit nulla elit ac nulla. Sed vel enim sit amet nunc viverra dapibus."
478,54,118,2025-07-29,SELL (40),78,4702.02,11.62,"Duis ac nibh. Fusce lacus purus, aliquet at, feugiat non, pretium quis, lectus."
479,54,36,2021-06-24,SELL (40),61,1680.6,10.74,Donec semper sapien a libero. Nam dui.
480,27,120,2020-07-02,SELL (40),41,6780.47,14.64,
481,56,62,2023-03-22,BUY (60),15,755.78,1.64,Nunc nisl.
482,37,34,2024-01-21,BUY (60),7,2364.34,2.24,
483,18,76,2023-05-14,BUY (60),19,2502.42,8.89,Phasellus sit amet erat. Nulla tempus.
484,24,46,2021-01-15,BUY (60),5,6036.29,13.93,"Cras mi pede, malesuada in, imperdiet et, commodo vulputate, justo."
485,25,98,2022-06-20,SELL (40),56,1550.61,4.16,
486,32,13,2021-07-25,SELL (40),49,3671.51,11.04,
487,57,56,2023-05-16,BUY (60),14,6697.62,8.51,Nulla nisl. Nunc nisl.
488,43,97,2022-05-31,SELL (40),50,1674.63,11.94,
489,4,64,2025-03-30,BUY (60),16,6832.85,11.45,
490,14,69,2022-04-09,BUY (60),57,4175.11,2.29,
491,12,65,2022-10-16,BUY (60),97,5545.83,,
492,26,75,2023-11-12,SELL (40),64,252.26,6.17,
493,8,98,2025-05-26,SELL (40),62,6039.95,2.8,
494,10,102,2022-10-27,BUY (60),83,6294.05,,
495,4,27,2021-05-14,BUY (60),43,4083.27,8.58,
496,8,73,2021-05-09,SELL (40),65,628.08,8.93,Proin eu mi. Nulla ac enim.
497,12,15,2024-03-10,SELL (40),32,6727.16,4.84,
498,4,32,2023-08-03,SELL (40),80,6765.1,4.07,
499,33,116,2024-07-22,BUY (60),39,2017.69,10.77,
500,4,3,2020-06-23,SELL (40),14,2286.42,6.29,
501,29,24,2025-07-02,BUY (60),79,318.25,12.59,"In tempor, turpis nec euismod scelerisque, quam turpis adipiscing lorem, vitae mattis nibh ligula nec sem. Duis aliquam convallis nunc."
502,41,59,2021-12-18,SELL (40),74,600.29,1.72,
503,29,16,2024-04-17,SELL (40),85,2684.51,12.96,
504,45,50,2022-10-21,SELL (40),28,2696.85,1.92,
505,31,15,2020-10-11,BUY (60),67,6312.51,10.97,
506,17,88,2023-03-14,BUY (60),117,3448.34,6.22,
507,13,41,2025-04-04,BUY (60),78,3742.95,7.33,
508,39,115,2024-03-27,SELL (40),49,3892.2,3.36,
509,32,114,2024-10-07,SELL (40),102,7678.44,7.75,Aliquam erat volutpat. In congue.
510,60,78,2023-06-24,SELL (40),120,3725.07,12.91,"Aliquam augue quam, sollicitudin vitae, consectetuer eget, rutrum at, lorem. Integer tincidunt ante vel ipsum."
511,35,16,2021-08-16,BUY (60),2,4457.09,3.03,Nunc rhoncus dui vel sem. Sed sagittis.
512,47,120,2025-02-25,BUY (60),117,7640.55,,
513,42,24,2020-10-25,BUY (60),59,3242.2,2.01,
514,50,43,2023-05-30,BUY (60),72,5430.59,8.96,
515,60,60,2020-04-22,BUY (60),43,7774.79,10.54,Praesent id massa id nisl venenatis lacinia. Aenean sit amet justo.
516,39,112,2025-01-31,SELL (40),106,872.63,14.81,
517,51,3,2024-09-05,SELL (40),61,7766.35,5.12,Duis consequat dui nec nisi volutpat eleifend. Donec ut dolor.
518,56,80,2022-09-21,BUY (60),104,5885.05,,
519,40,104,2020-08-16,SELL (40),81,1906.71,4.45,Etiam vel augue.
520,46,58,2021-12-31,BUY (60),113,5446.71,4.66,"Maecenas tristique, est et tempus semper, est quam pharetra magna, ac consequat metus sapien ut nunc. Vestibulum ante ipsum primis in faucibus orci luctus et ultrices posuere cubilia Curae; Mauris viverra diam vitae quam."
521,20,19,2021-08-05,BUY (60),119,2087.8,14.11,
522,25,66,2024-06-05,BUY (60),49,1567.16,,
523,47,107,2023-03-08,BUY (60),4,7405.38,14.2,
524,31,54,2024-04-30,SELL (40),22,5006.51,10.47,"Nunc nisl. Duis bibendum, felis sed interdum venenatis, turpis enim blandit mi, in porttitor pede justo eu massa."
525,56,51,2025-05-31,BUY (60),108,1510.6,8.66,
526,34,113,2023-05-08,BUY (60),48,4306.67,3.58,
527,25,110,2020-08-28,BUY (60),74,5322.34,,
528,7,68,2021-09-02,BUY (60),7,4216.73,,
529,9,108,2023-02-08,SELL (40),21,3913.44,4.32,Quisque ut erat.
530,22,77,2024-08-22,SELL (40),120,5869.09,3.51,
531,51,52,2020-01-01,BUY (60),56,331.08,9.59,
532,51,31,2020-08-23,SELL (40),38,4321.77,2.82,"Mauris enim leo, rhoncus sed, vestibulum sit amet, cursus id, turpis."
533,32,73,2021-06-26,BUY (60),43,6585.68,11.59,Integer ac neque.
534,55,3,2020-09-18,BUY (60),59,7251.18,,
535,16,111,2021-04-03,SELL (40),37,5253.91,12.52,
536,48,21,2025-04-24,SELL (40),66,275.32,7.14,"Lorem ipsum dolor sit amet, consectetuer adipiscing elit. Proin interdum mauris non ligula pellentesque ultrices."
537,18,11,2024-06-05,BUY (60),106,3384.62,10.7,
538,17,38,2024-06-11,BUY (60),119,3930.64,1.04,
539,19,67,2023-11-16,BUY (60),96,5837.9,13.85,Nullam porttitor lacus at turpis.
540,10,23,2021-11-17,SELL (40),26,1095.4,6.73,
541,50,117,2022-10-22,SELL (40),89,980.47,9.29,Maecenas rhoncus aliquam lacus.
542,7,49,2025-05-10,SELL (40),34,4182.57,13.25,"Integer pede justo, lacinia eget, tincidunt eget, tempus vel, pede. Morbi porttitor lorem id ligula."
543,37,22,2021-06-23,BUY (60),46,2162.61,3.51,
544,34,19,2020-04-26,SELL (40),56,3217.85,2.08,Morbi porttitor lorem id ligula.
545,38,2,2022-01-25,BUY (60),98,302.64,5.81,
546,34,61,2025-03-16,BUY (60),66,5791.11,2.59,
547,39,116,2024-08-01,SELL (40),105,6640.01,5.75,
548,21,87,2025-01-24,BUY (60),83,5702.1,1.84,Duis ac nibh.
549,47,110,2022-05-03,SELL (40),110,4208.81,13.7,
550,43,46,2024-07-12,BUY (60),103,7073.42,5.25,
551,47,6,2025-02-26,SELL (40),88,6915.59,14.79,
552,16,19,2020-06-26,SELL (40),103,3862.08,12.52,Praesent blandit lacinia erat. Vestibulum sed magna at nunc commodo placerat.
553,23,8,2020-04-18,SELL (40),18,5345.31,9.94,
554,60,48,2023-08-18,SELL (40),62,4404.62,7.78,Suspendisse accumsan tortor quis turpis. Sed ante.
555,22,10,2020-12-26,SELL (40),15,7978.53,1.4,
556,27,69,2023-05-10,SELL (40),65,80.06,13.0,Nulla suscipit ligula in lacus.
557,8,35,2025-10-08,SELL (40),68,2811.14,5.2,
558,47,50,2023-06-12,SELL (40),34,6609.94,13.79,Aliquam non mauris. Morbi non lectus.
559,56,108,2022-08-14,SELL (40),27,4648.54,,Morbi ut odio.
560,35,90,2020-12-14,SELL (40),62,2602.39,13.94,
561,31,103,2020-05-23,SELL (40),69,3563.46,4.6,
562,32,79,2020-07-25,SELL (40),114,6955.04,14.62,Etiam justo.
563,47,59,2023-03-24,BUY (60),18,6844.46,2.5,
564,11,94,2025-11-01,BUY (60),78,1510.31,,
565,17,32,2020-01-25,BUY (60),100,4570.29,10.27,
566,23,12,2023-12-23,BUY (60),76,447.13,13.08,
567,53,76,2021-08-28,SELL (40),12,3335.7,13.98,
568,36,32,2024-05-31,BUY (60),23,3696.6,9.19,Etiam vel augue. Vestibulum rutrum rutrum neque.
569,37,38,2021-06-30,BUY (60),58,153.86,4.02,Duis aliquam convallis nunc.
570,56,117,2025-08-01,BUY (60),108,2640.8,2.02,
571,54,47,2020-05-22,BUY (60),22,7676.25,13.77,In hac habitasse platea dictumst.
572,18,110,2024-08-31,BUY (60),48,3601.21,4.87,
573,3,97,2025-03-17,BUY (60),68,4670.98,11.63,"Donec diam neque, vestibulum eget, vulputate ut, ultrices vel, augue."
574,13,26,2021-02-02,BUY (60),9,2037.42,,
575,42,35,2024-01-10,BUY (60),18,6573.23,2.06,
576,32,3,2021-06-28,BUY (60),119,324.01,2.49,
577,50,36,2021-05-30,BUY (60),73,7250.7,7.61,
578,50,100,2024-11-06,SELL (40),105,2266.76,,
579,23,5,2020-07-24,SELL (40),101,2440.15,4.16,Duis aliquam convallis nunc. Proin at turpis a pede posuere nonummy.
580,42,4,2025-09-24,BUY (60),89,1832.22,9.95,
581,16,60,2021-07-31,SELL (40),89,832.59,14.8,
582,47,88,2023-09-15,SELL (40),119,433.24,5.49,
583,30,113,2024-10-23,SELL (40),102,3213.03,8.57,
584,51,47,2023-11-27,BUY (60),66,3482.66,8.17,
585,28,71,2024-02-05,SELL (40),111,844.78,5.3,"Aliquam sit amet diam in magna bibendum imperdiet. Nullam orci pede, venenatis non, sodales sed, tincidunt eu, felis."
586,8,27,2023-04-04,SELL (40),19,2476.11,11.49,
587,35,16,2024-03-14,SELL (40),32,7831.62,5.77,"Nulla ac enim. In tempor, turpis nec euismod scelerisque, quam turpis adipiscing lorem, vitae mattis nibh ligula nec sem."
588,7,26,2021-10-24,SELL (40),1,6112.4,13.93,
589,15,9,2023-01-17,BUY (60),83,2508.49,,
590,16,91,2023-08-25,SELL (40),59,70.8,6.07,
591,54,47,2025-07-11,SELL (40),52,2561.24,11.12,"Mauris enim leo, rhoncus sed, vestibulum sit amet, cursus id, turpis."
592,1,92,2021-10-14,SELL (40),57,1688.19,5.64,
593,39,41,2022-09-22,BUY (60),51,7078.35,9.11,
594,5,110,2024-04-21,BUY (60),80,2966.76,9.7,
595,45,44,2022-07-23,BUY (60),34,667.48,,Nulla facilisi.
596,39,34,2021-02-08,BUY (60),88,6788.49,8.54,
597,17,67,2023-05-24,SELL (40),120,28.02,2.72,
598,26,74,2022-02-12,BUY (60),91,2237.08,13.46,
599,2,57,2024-04-28,BUY (60),47,513.57,,
600,6,66,2021-02-04,BUY (60),67,7893.86,1.36,
601,33,25,2023-08-12,BUY (60),42,6497.25,4.73,
602,26,58,2025-03-14,BUY (60),62,4462.96,6.87,
603,26,84,2025-04-21,SELL (40),64,5178.63,1.87,
604,6,9,2024-09-28,BUY (60),80,816.51,,
605,40,88,2020-02-17,BUY (60),89,4826.02,14.8,
606,44,111,2021-09-13,SELL (40),55,5744.26,3.42,"Fusce lacus purus, aliquet at, feugiat non, pretium quis, lectus."
607,55,30,2023-11-12,BUY (60),24,323.6,5.24,Etiam justo. Etiam pretium iaculis justo.
608,29,114,2020-03-10,SELL (40),42,2425.41,9.71,
609,6,71,2020-07-05,BUY (60),78,3365.63,6.16,Vestibulum ac est lacinia nisi venenatis tristique.
610,46,5,2025-05-18,SELL (40),79,4413.39,12.57,Sed vel enim sit amet nunc viverra dapibus.
611,42,26,2024-12-13,BUY (60),52,5822.33,7.88,"Quisque erat eros, viverra eget, congue eget, semper rutrum, nulla."
612,12,29,2021-09-24,BUY (60),18,872.2,5.48,
613,19,92,2022-06-03,BUY (60),24,640.22,6.62,
614,16,113,2022-07-15,BUY (60),105,7744.78,12.16,
615,5,64,2025-04-21,SELL (40),93,6293.37,10.21,
616,58,30,2022-04-01,BUY (60),91,2953.83,9.61,In hac habitasse platea dictumst. Maecenas ut massa quis augue luctus tincidunt.
617,8,114,2022-07-07,SELL (40),8,4163.85,9.13,
618,30,25,2025-05-01,SELL (40),71,6527.15,6.64,
619,35,105,2021-12-08,BUY (60),35,4416.36,4.98,Aliquam quis turpis eget elit sodales scelerisque.
620,20,40,2020-03-15,SELL (40),44,7314.98,11.02,Integer tincidunt ante vel ipsum.
621,46,101,2023-11-04,SELL (40),91,6492.48,11.32,"Donec vitae nisi. Nam ultrices, libero non mattis pulvinar, nulla pede ullamcorper augue, a suscipit nulla elit ac nulla."
622,13,98,2024-04-11,SELL (40),111,3497.7,12.7,
623,44,92,2024-01-03,SELL (40),109,4430.32,,
624,53,78,2021-09-17,SELL (40),14,5090.68,14.38,
625,43,58,2022-07-25,SELL (40),5,2880.34,9.79,
626,57,35,2022-06-13,SELL (40),47,6690.88,12.37,
627,15,3,2024-04-07,SELL (40),86,3360.12,12.08,Morbi non quam nec dui luctus rutrum. Nulla tellus.
628,15,10,2022-09-11,SELL (40),39,5546.14,1.5,
629,33,73,2024-03-30,SELL (40),89,5527.55,3.87,Vivamus in felis eu sapien cursus vestibulum.
630,22,65,2023-10-28,BUY (60),35,1151.01,6.53,
631,29,82,2020-11-25,BUY (60),115,658.68,6.59,
632,7,113,2023-04-03,SELL (40),67,3705.08,,
633,18,1,2025-01-03,SELL (40),81,2916.01,3.45,
634,37,118,2020-06-16,BUY (60),23,6439.88,,
635,21,67,2025-10-24,BUY (60),91,6554.9,4.34,Sed ante.
636,17,14,2024-02-24,BUY (60),28,7765.66,,"Cum sociis natoque penatibus et magnis dis parturient montes, nascetur ridiculus mus."
637,16,101,2022-07-23,SELL (40),70,7398.71,7.32,Sed accumsan felis. Ut at dolor quis odio consequat varius.
638,24,94,2020-08-19,BUY (60),23,607.94,2.47,
639,51,95,2021-08-16,BUY (60),66,4120.04,11.13,
640,28,69,2021-12-22,SELL (40),26,1869.01,4.74,
641,41,62,2020-02-21,SELL (40),70,420.15,7.96,
642,17,28,2020-11-30,BUY (60),97,7310.57,13.18,
643,51,118,2022-02-01,BUY (60),63,7568.85,13.01,
644,45,45,2025-10-25,SELL (40),88,4195.1,7.9,Vivamus vel nulla eget eros elementum pellentesque. Quisque porta volutpat erat.
645,52,89,2024-07-23,SELL (40),78,1023.35,,
646,26,45,2024-12-30,BUY (60),30,2973.31,,Nulla tempus. Vivamus in felis eu sapien cursus vestibulum.
647,46,28,2023-06-29,BUY (60),57,2685.76,8.36,
648,54,105,2020-10-17,BUY (60),1,5425.1,7.83,
649,55,48,2021-05-21,SELL (40),116,3889.86,12.31,
650,42,98,2025-07-28,BUY (60),17,4731.29,,
651,1,112,2023-08-08,BUY (60),54,7840.04,,
652,4,21,2021-02-27,BUY (60),65,6482.47,9.94,"Lorem ipsum dolor sit amet, consectetuer adipiscing elit."
653,8,72,2021-09-21,BUY (60),115,2096.45,9.09,
654,48,73,2020-07-24,SELL (40),88,2141.67,10.82,
655,14,41,2023-10-26,BUY (60),39,3217.58,7.83,
656,60,43,2020-04-24,SELL (40),86,5464.33,,
657,38,109,2024-06-28,SELL (40),41,1070.34,,
658,4,117,2025-10-12,SELL (40),112,1838.47,4.58,
659,57,91,2023-05-14,BUY (60),81,5656.64,10.24,
660,10,28,2021-04-18,BUY (60),108,6162.53,6.11,Phasellus in felis. Donec semper sapien a libero.
661,28,55,2022-05-17,BUY (60),57,5429.7,1.61,
662,35,67,2020-08-21,SELL (40),68,5959.49,14.08,
663,19,95,2020-04-19,BUY (60),71,7496.79,10.6,Maecenas ut massa quis augue luctus tincidunt.
664,8,56,2023-04-22,BUY (60),74,6455.97,3.54,
665,23,48,2025-09-08,SELL (40),80,3295.59,12.04,
666,47,41,2021-07-15,BUY (60),41,3995.09,5.7,"Fusce lacus purus, aliquet at, feugiat non, pretium quis, lectus."
667,46,116,2020-03-03,SELL (40),117,5301.0,9.02,
668,58,43,2023-12-24,SELL (40),98,5021.55,12.12,
669,27,99,2025-01-16,BUY (60),32,5634.95,14.07,
670,26,75,2021-10-07,SELL (40),55,1969.78,13.46,
671,34,13,2024-05-16,SELL (40),55,5761.64,13.12,
672,44,82,2022-10-16,SELL (40),66,3892.31,3.21,
673,15,18,2024-11-16,BUY (60),76,6874.73,12.84,
674,11,74,2022-03-03,SELL (40),106,4075.98,6.13,
675,44,118,2025-07-07,BUY (60),98,4419.73,7.92,Morbi porttitor lorem id ligula.
676,47,43,2023-05-29,SELL (40),28,5044.25,14.16,
677,10,90,2022-02-03,BUY (60),48,3522.16,9.27,Integer ac neque. Duis bibendum.
678,24,20,2021-03-28,SELL (40),67,6924.22,6.12,
679,13,65,2022-11-09,BUY (60),101,7637.36,12.2,
680,47,106,2022-03-22,SELL (40),30,3812.97,5.72,
681,4,69,2023-03-17,BUY (60),107,6215.15,4.63,
682,13,20,2024-10-26,SELL (40),71,4437.24,6.54,Vivamus tortor.
683,58,78,2025-12-01,SELL (40),19,3979.86,6.99,
684,7,45,2022-09-06,BUY (60),31,3007.84,7.8,
685,18,29,2023-11-01,SELL (40),73,7478.3,8.65,
686,5,45,2020-01-05,BUY (60),22,4080.4,13.21,
687,42,115,2021-02-16,SELL (40),105,2071.43,9.99,
688,35,21,2025-04-03,BUY (60),15,422.65,8.03,"Cum sociis natoque penatibus et magnis dis parturient montes, nascetur ridiculus mus."
689,10,105,2022-06-06,BUY (60),28,5306.16,12.61,
690,54,41,2022-08-28,SELL (40),111,2754.71,7.49,Curabitur gravida nisi at nibh.
691,19,97,2024-07-30,BUY (60),64,6231.4,,"Nulla neque libero, convallis eget, eleifend luctus, ultricies eu, nibh. Quisque id justo sit amet sapien dignissim vestibulum."
692,41,95,2020-01-07,BUY (60),113,7620.32,5.01,
693,13,17,2020-02-08,SELL (40),20,1157.59,11.04,
694,29,44,2023-02-21,BUY (60),14,7442.4,8.63,
695,42,12,2022-02-26,SELL (40),1,633.34,14.77,
696,58,20,2025-03-25,BUY (60),67,4813.6,8.87,
697,18,49,2023-08-30,SELL (40),12,4570.78,5.97,
698,54,50,2023-12-03,SELL (40),110,7289.22,10.68,Nunc rhoncus dui vel sem. Sed sagittis.
699,28,46,2024-12-04,BUY (60),104,5221.46,2.82,
700,3,9,2021-12-16,BUY (60),38,3127.17,8.84,
701,28,28,2020-03-20,SELL (40),52,5871.5,11.58,
702,51,48,2024-05-22,SELL (40),98,7959.68,10.26,
703,60,86,2021-07-09,BUY (60),5,6371.08,8.44,
704,1,58,2021-01-06,BUY (60),118,5819.07,10.03,
705,3,22,2022-12-24,BUY (60),58,4143.57,,Suspendisse accumsan tortor quis turpis.
706,52,75,2022-01-11,BUY (60),27,2221.08,6.08,"Nulla ac enim. In tempor, turpis nec euismod scelerisque, quam turpis adipiscing lorem, vitae mattis nibh ligula nec sem."
707,9,88,2022-01-04,SELL (40),5,5928.36,1.49,
708,52,56,2025-08-22,BUY (60),112,1809.24,2.55,
709,21,93,2022-10-02,BUY (60),23,7067.41,14.21,Etiam vel augue.
710,4,1,2021-12-31,SELL (40),60,6174.5,8.41,
711,38,109,2025-12-22,BUY (60),56,3955.09,4.23,Morbi a ipsum. Integer a nibh.
712,37,104,2021-05-14,BUY (60),78,1579.18,4.28,
713,37,113,2023-03-07,BUY (60),75,1531.73,9.93,
714,57,43,2022-02-01,SELL (40),37,2469.26,4.44,
715,41,112,2025-06-19,BUY (60),60,4578.03,3.51,"Cum sociis natoque penatibus et magnis dis parturient montes, nascetur ridiculus mus."
716,30,81,2022-09-18,BUY (60),103,7246.61,5.45,Donec ut dolor.
717,26,75,2021-05-15,SELL (40),31,7146.72,6.38,
718,50,84,2022-06-21,BUY (60),25,2688.12,1.66,
719,58,90,2020-10-17,SELL (40),25,7895.61,4.44,
720,29,80,2025-09-11,BUY (60),25,4852.99,11.75,
721,54,101,2020-06-10,SELL (40),89,6894.6,13.68,"Quisque arcu libero, rutrum ac, lobortis vel, dapibus at, diam."
722,45,25,2025-11-19,SELL (40),21,5945.56,8.12,
723,7,44,2025-03-08,BUY (60),41,4813.35,6.21,
724,18,101,2024-04-05,SELL (40),112,5023.32,14.1,
725,47,89,2022-03-10,BUY (60),24,5828.18,,
726,42,65,2023-01-07,BUY (60),36,1462.09,1.72,
727,60,55,2025-11-21,BUY (60),69,7105.7,10.93,
728,50,78,2024-09-04,BUY (60),66,7878.43,3.22,
729,11,94,2022-06-26,BUY (60),26,3074.5,12.25,Duis bibendum. Morbi non quam nec dui luctus rutrum.
730,27,94,2021-09-25,BUY (60),97,3963.79,7.28,
731,33,93,2021-01-20,BUY (60),90,1972.44,8.85,Sed accumsan felis.
732,20,108,2022-03-13,BUY (60),66,6481.75,5.2,
733,57,110,2021-02-19,SELL (40),102,1961.19,5.7,
734,48,63,2025-10-29,SELL (40),76,182.95,,
735,16,97,2021-11-01,SELL (40),4,999.39,9.29,Pellentesque ultrices mattis odio.
736,42,92,2021-10-26,BUY (60),23,556.85,1.9,
737,1,19,2020-07-27,SELL (40),4,6844.09,,
738,4,15,2023-04-13,SELL (40),27,3124.68,10.76,
739,5,92,2025-09-30,SELL (40),29,6818.88,,
740,27,6,2020-06-29,BUY (60),11,81.04,12.82,
741,28,107,2020-05-17,SELL (40),92,6734.05,8.87,
742,52,120,2020-11-28,BUY (60),63,2687.6,11.3,
743,50,26,2022-09-10,BUY (60),6,2559.42,12.15,
744,27,82,2021-02-25,SELL (40),77,6987.1,5.55,
745,47,51,2022-09-16,BUY (60),68,3054.5,,Donec semper sapien a libero. Nam dui.
746,9,60,2024-02-01,SELL (40),68,1463.74,1.6,
747,46,64,2021-03-03,SELL (40),25,1043.59,1.38,
748,48,19,2021-10-05,BUY (60),29,4984.58,8.48,
749,15,99,2021-05-31,SELL (40),61,2536.54,4.33,
750,42,3,2022-06-10,SELL (40),110,2821.31,14.47,Proin interdum mauris non ligula pellentesque ultrices. Phasellus id sapien in sapien iaculis congue.
751,29,17,2023-08-12,BUY (60),2,2165.75,4.66,
752,18,13,2024-06-03,BUY (60),20,3959.77,,
753,36,119,2020-06-28,SELL (40),82,967.72,3.21,
754,39,106,2025-05-17,BUY (60),39,3436.35,,
755,3,67,2023-10-12,SELL (40),32,5585.35,8.4,Aenean sit amet justo. Morbi ut odio.
756,56,47,2022-02-08,BUY (60),71,4297.08,2.43,
757,35,51,2023-01-16,BUY (60),117,1644.38,3.58,
758,12,36,2022-06-06,SELL (40),89,4337.1,9.79,
759,45,35,2022-02-25,BUY (60),64,1215.05,9.97,
760,9,112,2022-10-02,BUY (60),87,7597.66,5.3,"In tempor, turpis nec euismod scelerisque, quam turpis adipiscing lorem, vitae mattis nibh ligula nec sem. Duis aliquam convallis nunc."
761,10,46,2025-05-17,SELL (40),12,7987.65,13.17,
762,13,86,2024-08-31,SELL (40),99,5211.53,13.33,
763,39,10,2022-12-22,BUY (60),51,4752.49,10.25,Pellentesque eget nunc. Donec quis orci eget orci vehicula condimentum.
764,16,12,2023-06-19,BUY (60),44,2831.19,9.71,
765,4,87,2023-10-29,BUY (60),53,3558.33,2.12,
766,29,117,2021-03-26,SELL (40),15,5516.2,7.36,
767,7,42,2023-06-28,BUY (60),111,6201.34,3.09,"Morbi vestibulum, velit id pretium iaculis, diam erat fermentum justo, nec condimentum neque sapien placerat ante. Nulla justo."
768,50,88,2022-09-08,BUY (60),26,7996.95,13.53,Donec posuere metus vitae ipsum. Aliquam non mauris.
769,53,120,2024-06-20,BUY (60),97,3223.51,1.35,
770,3,34,2024-03-09,SELL (40),28,7514.4,8.15,
771,30,88,2022-03-03,BUY (60),67,7487.38,,
772,29,15,2022-03-23,BUY (60),18,5288.91,10.54,
773,48,13,2021-01-27,BUY (60),95,6225.58,1.95,
774,24,28,2023-02-15,SELL (40),32,877.19,13.15,"Vestibulum quam sapien, varius ut, blandit non, interdum in, ante. Vestibulum ante ipsum primis in faucibus orci luctus et ultrices posuere cubilia Curae; Duis faucibus accumsan odio."
775,2,104,2021-10-19,BUY (60),85,6140.87,,
776,51,56,2025-09-29,BUY (60),23,2877.1,1.93,
777,4,55,2024-04-20,BUY (60),68,6633.45,13.15,"Nulla neque libero, convallis eget, eleifend luctus, ultricies eu, nibh."
778,46,29,2020-10-30,BUY (60),64,7206.24,4.98,
779,30,1,2022-05-13,BUY (60),90,4987.13,12.04,
780,48,44,2025-03-16,SELL (40),79,7448.55,5.96,
781,25,79,2024-07-14,SELL (40),73,6211.09,3.69,"In blandit ultrices enim. Lorem ipsum dolor sit amet, consectetuer adipiscing elit."
782,31,53,2020-04-18,SELL (40),75,7497.1,13.49,
783,11,45,2022-06-13,BUY (60),104,1582.06,13.63,"Quisque arcu libero, rutrum ac, lobortis vel, dapibus at, diam."
784,29,71,2021-10-02,SELL (40),30,252.31,3.81,Aliquam quis turpis eget elit sodales scelerisque.
785,27,104,2024-02-26,BUY (60),86,4188.06,2.4,
786,2,23,2022-07-21,BUY (60),12,2304.67,11.18,"Lorem ipsum dolor sit amet, consectetuer adipiscing elit."
787,12,66,2024-08-24,SELL (40),117,5917.97,13.91,
788,20,6,2021-04-22,BUY (60),88,2822.27,4.94,"Cum sociis natoque penatibus et magnis dis parturient montes, nascetur ridiculus mus. Etiam vel augue."
789,54,115,2022-08-01,SELL (40),99,3836.52,5.15,
790,48,66,2020-07-21,BUY (60),74,3226.7,6.66,
791,25,13,2020-08-11,SELL (40),97,2467.76,10.14,
792,35,40,2023-12-12,SELL (40),71,1455.03,,
793,59,37,2024-06-10,BUY (60),9,694.86,1.27,Vestibulum sed magna at nunc commodo placerat.
794,23,104,2021-12-19,BUY (60),96,7366.7,3.95,Donec quis orci eget orci vehicula condimentum.
795,58,19,2020-05-08,BUY (60),28,1138.06,8.98,
796,47,97,2021-12-02,SELL (40),65,356.83,11.65,
797,42,2,2025-07-19,BUY (60),87,7723.61,2.42,
798,22,91,2021-09-16,BUY (60),93,2471.81,11.12,Integer a nibh.
799,51,88,2022-11-15,SELL (40),109,4894.19,6.39,
800,49,45,2022-08-08,SELL (40),69,603.52,2.15,
